id,first_name,last_name,start_date,end_date
1,Colman,Strickland,2020-03-16,2020-03-24
2,Karrah,Castard,2020-03-20,2020-03-21
3,Brannon,Dewhirst,2020-03-13,2020-03-15
4,Dionne,Morland,2020-03-23,2020-03-27
5,Madelaine,Spinas,2020-03-11,2020-03-13
6,Albert,Wakelam,2020-03-13,2020-03-24
7,Adolphus,Aiken,2020-03-22,2020-03-23
8,Mallory,Siddaley,2020-03-28,2020-03-29
9,Kimberlyn,Davison,2020-03-15,2020-03-30
10,Grantham,Nortunen,2020-03-22,2020-03-29
11,Wei,Sui,2020-05-12,2020-05-23
12,Donald ,Berry,2020-05-10,2020-05-18
13,Braden,Tabisula,2020-05-13,2020-05-28
